timestamp;cycle_id;type;action;ticket;price;lot;sl;tp;pnl;exit_reason;spread;atr;rsi;comment
2026.08.11 10:42:42;1786442648;main;open;118634628;4372.70;0.04;4384.70;4350.20;0.00;;36;3.45;54.4;SELL OCO
2026.08.11 10:42:42;1786442648;hedge;open;118635265;4376.13;0.05;4373.13;0.00;0.00;;36;3.45;54.4;HedgePend BUY_STOP
2026.08.11 10:45:17;1786442648;main;close;118634628;4370.91;0.04;4371.13;4350.20;7.16;tiered_profit_trail;36;3.34;50.2;
2026.08.11 11:25:40;1786445793;main;open;118642624;4380.09;0.03;4368.09;4402.59;0.00;;33;3.57;65.0;BUY OCO
2026.08.11 11:25:41;1786445793;hedge;open;118642750;4376.82;0.05;4379.82;0.00;0.00;;36;3.57;65.0;HedgePend SELL_STOP
2026.08.11 11:40:43;1786445793;hedge;open;118646157;4374.81;0.05;4377.81;0.00;0.00;;36;3.09;60.5;HedgePend SELL_STOP
2026.08.11 12:01:17;1786445793;main;close;118642624;4385.92;0.03;4385.09;4402.59;17.49;tiered_profit_trail;36;3.37;72.1;
2026.08.11 12:26:50;1786445794;main;open;118656050;4387.67;0.04;4372.67;4410.17;0.00;;35;4.21;64.5;BUY OCO
2026.08.11 12:26:50;1786445794;hedge;open;118656190;4384.72;0.05;4387.72;0.00;0.00;;36;4.24;64.9;HedgePend SELL_STOP
2026.08.11 12:39:31;1786445794;hedge;close;118656190;4384.19;0.05;4384.49;0.00;2.65;hedge_reversal_giveback_cap;36;3.94;56.2;EA_Breakout_OCO_V7_1 HedgePend
2026.08.11 12:39:32;1786445794;main;close;118656050;4383.89;0.04;4372.67;4410.17;-15.12;time_loss_exit;36;3.94;56.2;
2026.08.11 12:45:47;1786445795;main;open;118659953;4387.41;0.04;4375.41;4409.91;0.00;;36;3.92;61.9;BUY OCO
2026.08.11 12:45:47;1786445795;hedge;open;118660193;4384.31;0.05;4387.31;0.00;0.00;;36;3.92;61.8;HedgePend SELL_STOP
2026.08.11 12:52:46;1786445795;main;close;118659953;4388.77;0.04;4388.77;4409.91;5.44;broker_side_close(sl_or_tp_hit);37;4.27;63.9;[sl]
2026.08.11 13:00:20;1786445796;main;open;118663047;4386.74;0.03;4398.74;4364.24;0.00;;36;4.24;59.8;SELL OCO
2026.08.11 13:00:20;1786445796;hedge;open;118663610;4390.06;0.05;4387.06;0.00;0.00;;36;4.25;59.4;HedgePend BUY_STOP
2026.08.11 13:06:33;1786445796;hedge;close;118663610;4391.39;0.05;4390.88;0.00;6.65;hedge_reversal_giveback_cap;36;4.67;65.6;EA_Breakout_OCO_V7_1 HedgePend
2026.08.11 13:08:04;1786445796;main;close;118663047;4393.50;0.03;4398.74;4364.24;-20.28;soft_sl_momentum;36;4.77;67.7;
2026.08.11 13:13:40;1786445797;main;open;118667229;4397.22;0.04;4382.22;4419.72;0.00;;36;4.41;71.5;BUY OCO
2026.08.11 13:13:41;1786445797;hedge;open;118667470;4393.83;0.05;4396.83;0.00;0.00;;36;4.42;71.7;HedgePend SELL_STOP
2026.08.11 13:17:44;1786445797;hedge;close;118667470;4393.52;0.05;4393.69;0.00;1.55;hedge_reversal_giveback_cap;36;4.54;63.7;EA_Breakout_OCO_V7_1 HedgePend
2026.08.11 13:21:09;1786445797;main;close;118667229;4398.47;0.04;4398.46;4419.72;5.00;tiered_profit_trail;36;4.53;71.9;
2026.08.11 13:26:53;1786445798;main;open;118671085;4390.78;0.04;4378.78;4413.28;0.00;;36;5.00;57.8;BUY OCO
2026.08.11 13:26:53;1786445798;hedge;open;118671265;4387.76;0.05;4390.76;0.00;0.00;;33;5.00;57.8;HedgePend SELL_STOP
2026.08.11 13:27:56;1786445798;main;close;118671085;4391.51;0.04;4390.97;4413.28;2.92;tiered_profit_trail;34;5.15;58.7;
2026.08.11 13:33:31;1786445799;main;open;118673055;4392.68;0.03;4407.68;4370.18;0.00;;34;5.20;60.0;SELL OCO
2026.08.11 13:34:14;1786445799;main;close;118673055;4389.90;0.03;4389.90;4370.18;8.34;broker_side_close(sl_or_tp_hit);36;5.21;55.8;[sl]
2026.08.11 13:41:05;1786445800;main;open;118674704;4391.43;0.04;4379.43;4413.93;0.00;;36;5.15;57.8;BUY OCO
2026.08.11 13:41:06;1786445800;hedge;open;118675034;4388.11;0.05;4391.11;0.00;0.00;;36;5.19;58.6;HedgePend SELL_STOP
2026.08.11 13:41:16;1786445800;main;close;118674704;4393.34;0.04;4393.34;4413.93;7.64;broker_side_close(sl_or_tp_hit);37;5.36;60.5;[sl]
2026.08.11 13:47:01;1786445801;main;open;118676785;4396.11;0.03;4411.11;4373.61;0.00;;36;5.69;61.9;SELL OCO
2026.08.11 13:47:01;1786445801;hedge;open;118676949;4399.41;0.05;4396.41;0.00;0.00;;36;5.73;61.2;HedgePend BUY_STOP
2026.08.11 13:53:30;1786445801;main;close;118676785;4393.74;0.03;4393.82;4373.61;7.11;tiered_profit_trail;36;5.88;57.3;
2026.08.11 14:00:16;1786445802;main;open;118679212;4394.60;0.04;4382.60;4417.10;0.00;;36;5.65;57.6;BUY OCO
2026.08.11 14:00:16;1786445802;hedge;open;118679737;4390.84;0.05;4393.84;0.00;0.00;;36;5.65;57.9;HedgePend SELL_STOP
2026.08.11 14:00:44;1786445802;main;close;118679212;4396.71;0.04;4396.71;4417.10;8.44;broker_side_close(sl_or_tp_hit);33;5.87;60.8;[sl]
2026.08.11 14:08:03;1786445803;main;open;118681233;4396.39;0.04;4384.39;4418.89;0.00;;36;6.04;60.5;BUY OCO
2026.08.11 14:08:04;1786445803;hedge;open;118681750;4393.11;0.05;4396.11;0.00;0.00;;36;6.05;60.8;HedgePend SELL_STOP
2026.08.11 14:10:16;1786445803;main;close;118681233;4399.93;0.04;4399.93;4418.89;14.16;broker_side_close(sl_or_tp_hit);33;6.06;64.4;[sl]
2026.08.11 14:16:26;1786445804;main;open;118683730;4390.82;0.03;4402.82;4368.32;0.00;;36;5.95;51.0;SELL OCO
2026.08.11 14:16:26;1786445804;hedge;open;118683995;4394.13;0.05;4391.13;0.00;0.00;;36;5.96;51.0;HedgePend BUY_STOP
2026.08.11 14:18:24;1786445804;hedge;close;118683995;4394.18;0.05;4394.18;0.00;0.25;failsafe_reconcile;33;6.11;55.4;EA_Breakout_OCO_V7_1 HedgeP[sl]
2026.08.11 14:20:45;1786445804;main;close;118683730;4397.60;0.03;4402.82;4368.32;-20.34;soft_sl_momentum;36;5.95;59.3;
2026.08.11 14:26:56;1786445805;main;open;118686609;4399.91;0.04;4384.91;4422.41;0.00;;36;6.13;61.8;BUY OCO
2026.08.11 14:26:57;1786445805;hedge;open;118686882;4396.62;0.05;4399.62;0.00;0.00;;36;6.13;61.9;HedgePend SELL_STOP
2026.08.11 14:31:20;1786445805;hedge;close;118686882;4396.92;0.05;4399.62;0.00;-1.50;hedge_reversal_giveback_cap;52;5.55;57.7;EA_Breakout_OCO_V7_1 HedgePend
2026.08.11 14:32:21;1786445805;main;close;118686609;4394.73;0.04;4384.91;4422.41;-20.72;soft_sl_momentum;52;5.67;55.1;
2026.08.11 14:37:43;1786445806;main;open;118689997;4398.77;0.04;4386.77;4421.27;0.00;;33;6.34;58.9;BUY OCO
2026.08.11 14:37:44;1786445806;hedge;open;118690183;4396.01;0.05;4399.01;0.00;0.00;;36;6.34;58.8;HedgePend SELL_STOP
2026.08.11 14:38:31;1786445806;hedge;close;118690183;4395.02;0.05;4395.29;0.00;4.95;hedge_reversal_giveback_cap;37;6.36;54.0;EA_Breakout_OCO_V7_1 HedgePend
2026.08.11 14:41:08;1786445806;main;close;118689997;4401.08;0.04;4400.85;4421.27;9.24;tiered_profit_trail;36;6.11;60.9;
2026.08.11 15:09:06;1786445807;main;open;118699235;4382.79;0.03;4394.79;4360.29;0.00;;35;7.54;40.3;SELL OCO
2026.08.11 15:09:07;1786445807;hedge;open;118699891;4386.02;0.05;4383.02;0.00;0.00;;36;7.54;40.5;HedgePend BUY_STOP
2026.08.11 15:10:40;1786445807;hedge;close;118699891;4386.13;0.05;4385.58;0.00;0.55;hedge_reversal_giveback_cap;33;7.16;44.0;EA_Breakout_OCO_V7_1 HedgePend
2026.08.11 15:17:12;1786445807;main;close;118699235;4389.60;0.03;4394.79;4360.29;-20.43;soft_sl_momentum;36;7.24;48.7;
2026.08.11 15:23:06;1786445808;main;open;118703570;4383.12;0.03;4398.12;4360.62;0.00;;36;7.37;41.0;SELL OCO
2026.08.11 15:23:07;1786445808;hedge;open;118703867;4386.36;0.05;4383.36;0.00;0.00;;34;7.37;41.5;HedgePend BUY_STOP
2026.08.11 15:27:16;1786445808;hedge;close;118703867;4387.22;0.05;4387.02;0.00;4.30;hedge_reversal_giveback_cap;36;7.47;46.5;EA_Breakout_OCO_V7_1 HedgePend
2026.08.11 15:33:58;1786445808;main;close;118703570;4388.13;0.03;4398.12;4360.62;-15.03;time_loss_exit;36;7.30;47.7;
2026.08.11 15:50:30;1786445809;main;open;118711262;4391.88;0.03;4406.88;4369.38;0.00;;36;6.41;52.2;SELL OCO
2026.08.11 15:50:31;1786445809;hedge;open;118711626;4395.17;0.05;4392.17;0.00;0.00;;36;6.41;52.3;HedgePend BUY_STOP
2026.08.11 15:51:24;1786445809;hedge;close;118711626;4395.06;0.05;4392.17;0.00;-0.55;hedge_reversal_giveback_cap;36;6.55;57.0;EA_Breakout_OCO_V7_1 HedgePend
2026.08.11 16:00:39;1786445809;main;close;118711262;4397.05;0.03;4406.88;4369.38;-15.51;time_loss_exit;36;5.50;58.8;
2026.08.11 16:17:03;1786445810;main;open;118718368;4388.27;0.03;4400.27;4365.77;0.00;;36;5.52;45.0;SELL OCO
2026.08.11 16:17:04;1786445810;hedge;open;118718784;4390.94;0.05;4387.94;0.00;0.00;;36;5.53;45.0;HedgePend BUY_STOP
2026.08.11 16:18:39;1786445810;main;close;118718368;4386.03;0.03;4386.26;4365.77;6.72;tiered_profit_trail;36;5.70;42.8;
2026.08.11 16:24:03;1786445811;main;open;118721090;4386.99;0.03;4398.99;4364.49;0.00;;36;5.90;44.3;SELL OCO
2026.08.11 16:25:02;1786445811;main;close;118721090;4384.18;0.03;4384.18;4364.49;8.43;broker_side_close(sl_or_tp_hit);33;5.51;41.0;[sl]
2026.08.11 16:46:47;1786445812;main;open;118728386;4377.93;0.03;4365.93;4400.43;0.00;;36;6.13;39.8;BUY OCO
2026.08.11 16:46:48;1786445812;hedge;open;118728874;4374.58;0.05;4377.58;0.00;0.00;;36;6.13;39.8;HedgePend SELL_STOP
2026.08.11 16:55:12;1786445812;main;close;118728386;4381.34;0.03;4381.34;4400.43;10.23;broker_side_close(sl_or_tp_hit);36;6.07;44.8;[sl]
2026.08.11 17:04:29;1786445813;main;open;118732693;4382.08;0.04;4394.08;4359.58;0.00;;36;6.18;45.7;SELL OCO
2026.08.11 17:04:29;1786445813;hedge;open;118733804;4385.29;0.05;4382.29;0.00;0.00;;36;6.18;45.8;HedgePend BUY_STOP
2026.08.11 17:07:19;1786445813;main;close;118732693;4379.80;0.04;4379.80;4359.58;9.12;broker_side_close(sl_or_tp_hit);33;6.11;43.0;[sl]
2026.08.11 17:19:32;1786445814;main;open;118736920;4378.87;0.04;4393.87;4356.37;0.00;;36;5.57;42.5;SELL OCO
2026.08.11 17:19:32;1786445814;hedge;open;118737239;4382.14;0.05;4379.14;0.00;0.00;;36;5.57;42.5;HedgePend BUY_STOP
2026.08.11 17:22:53;1786445814;hedge;close;118737239;4382.17;0.05;4381.93;0.00;0.15;hedge_reversal_giveback_cap;36;5.42;47.3;EA_Breakout_OCO_V7_1 HedgePend
2026.08.11 17:29:37;1786445814;main;close;118736920;4382.78;0.04;4393.87;4356.37;-15.64;time_loss_exit;36;4.93;47.9;
2026.08.11 19:00:03;1786445815;main;open;118758921;4368.42;0.04;4383.42;4345.92;0.00;;36;3.51;28.5;SELL OCO
2026.08.11 19:00:03;1786445815;hedge;open;118759096;4371.62;0.05;4368.62;0.00;0.00;;36;3.53;28.3;HedgePend BUY_STOP
2026.08.11 19:02:34;1786445815;main;close;118758921;4364.80;0.04;4364.80;4345.92;14.48;broker_side_close(sl_or_tp_hit);34;3.83;24.9;[sl]
2026.08.11 19:23:14;1786445816;main;open;118765819;4364.68;0.03;4349.68;4387.18;0.00;;36;4.13;32.1;BUY OCO
2026.08.11 19:25:00;1786445816;hedge;open;118766399;4361.23;0.05;4364.23;0.00;0.00;;36;3.87;32.2;HedgePend SELL_STOP
2026.08.11 19:29:56;1786445816;hedge;close;118766399;4361.38;0.05;4362.04;0.00;-0.75;hedge_trail_close;36;4.22;29.2;EA_Breakout_OCO_V7_1 HedgePend
2026.08.11 19:34:38;1786445816;main;close;118765819;4367.36;0.03;4367.36;4387.18;8.04;broker_side_close(sl_or_tp_hit);36;4.38;40.9;[sl]
2026.08.11 19:44:11;1786445817;main;open;118769865;4370.99;0.03;4358.99;4393.49;0.00;;36;4.06;46.1;BUY OCO
2026.08.11 19:44:11;1786445817;hedge;open;118770661;4367.70;0.05;4370.70;0.00;0.00;;36;4.06;46.1;HedgePend SELL_STOP
2026.08.11 20:05:00;1786445817;hedge;open;118774487;4363.86;0.05;4366.86;0.00;0.00;;34;3.70;40.4;HedgePend SELL_STOP
2026.08.11 20:05:26;1786445817;main;close;118769865;4365.98;0.03;4358.99;4393.49;-15.03;time_loss_exit;33;3.77;39.2;
2026.08.11 20:17:31;1786445818;main;open;118776893;4362.90;0.04;4374.90;4340.40;0.00;;36;3.56;35.5;SELL OCO
2026.08.11 20:17:31;1786445818;hedge;open;118777377;4366.27;0.05;4363.27;0.00;0.00;;36;3.56;35.3;HedgePend BUY_STOP
2026.08.11 20:24:20;1786445818;hedge;close;118777377;4366.81;0.05;4366.50;0.00;2.70;hedge_reversal_giveback_cap;36;3.77;44.2;EA_Breakout_OCO_V7_1 HedgePend
2026.08.11 20:24:37;1786445818;main;close;118776893;4367.90;0.04;4374.90;4340.40;-20.00;soft_sl_momentum;36;3.80;45.1;
2026.08.11 20:31:47;1786445819;main;open;118780295;4371.97;0.03;4356.97;4394.47;0.00;;36;3.72;52.4;BUY OCO
2026.08.11 20:31:47;1786445819;hedge;open;118780796;4369.04;0.05;4372.04;0.00;0.00;;36;3.73;52.6;HedgePend SELL_STOP
2026.08.11 20:36:19;1786445819;hedge;close;118780796;4369.06;0.05;4372.04;0.00;-0.10;hedge_reversal_giveback_cap;36;3.73;47.1;EA_Breakout_OCO_V7_1 HedgePend
2026.08.11 20:44:03;1786445819;main;close;118780295;4366.76;0.03;4356.97;4394.47;-15.63;time_loss_exit;36;3.53;43.8;
2026.08.12 00:11:36;1786445825;main;open;118803632;4366.52;0.03;4354.52;4389.02;0.00;;33;3.05;38.3;BUY OCO
2026.08.12 00:11:36;1786445825;hedge;open;118803754;4363.06;0.05;4366.06;0.00;0.00;;33;3.05;37.8;HedgePend SELL_STOP
2026.08.12 00:13:21;1786445825;main;close;118803632;4369.07;0.03;4368.97;4389.02;7.65;tiered_profit_trail;36;3.27;45.7;
2026.08.12 00:18:59;1786445826;main;open;118805356;4371.33;0.03;4356.33;4393.83;0.00;;36;3.61;50.6;BUY OCO
2026.08.12 00:19:00;1786445826;hedge;open;118805442;4368.22;0.05;4371.22;0.00;0.00;;36;3.61;50.4;HedgePend SELL_STOP
2026.08.12 00:23:36;1786445826;main;close;118805356;4373.73;0.03;4373.73;4393.83;7.20;failsafe_reconcile;36;3.76;54.9;[sl]
2026.08.12 00:29:21;1786445827;main;open;118807375;4373.97;0.03;4358.97;4396.47;0.00;;36;3.99;55.5;BUY OCO
2026.08.12 00:29:21;1786445827;hedge;open;118807575;4370.74;0.05;4373.74;0.00;0.00;;36;4.00;55.6;HedgePend SELL_STOP
2026.08.12 00:32:36;1786445827;hedge;close;118807575;4370.03;0.05;4370.17;0.00;3.55;hedge_reversal_giveback_cap;36;4.15;46.9;EA_Breakout_OCO_V7_1 HedgePend
2026.08.12 00:33:40;1786445827;main;close;118807375;4367.29;0.03;4358.97;4396.47;-20.04;soft_sl_momentum;36;4.29;43.0;
2026.08.12 00:45:06;1786445828;main;open;118809617;4369.80;0.03;4354.80;4392.30;0.00;;36;4.31;47.9;BUY OCO
2026.08.12 00:45:07;1786445828;hedge;open;118809808;4366.52;0.05;4369.52;0.00;0.00;;36;4.31;47.8;HedgePend SELL_STOP
2026.08.12 01:05:00;1786445828;hedge;open;118813488;4365.81;0.05;4368.81;0.00;0.00;;36;3.86;46.3;HedgePend SELL_STOP
2026.08.12 01:12:49;1786445828;main;close;118809617;4374.03;0.03;4374.03;4392.30;12.69;failsafe_reconcile;36;3.94;57.7;[sl]
2026.08.12 01:39:48;1786445829;main;open;118821836;4380.98;0.03;4395.98;4358.48;0.00;;36;3.58;65.5;SELL OCO
2026.08.12 01:39:48;1786445829;hedge;open;118822263;4384.36;0.05;4381.36;0.00;0.00;;36;3.58;65.5;HedgePend BUY_STOP
2026.08.12 01:54:50;1786445829;hedge;open;118825512;4381.72;0.05;4378.72;0.00;0.00;;36;3.58;56.7;HedgePend BUY_STOP
2026.08.12 01:55:09;1786445829;main;close;118821836;4378.71;0.03;4379.07;4358.48;6.81;tiered_profit_trail;36;3.43;56.5;
2026.08.12 02:00:20;1786445830;main;open;118826913;4381.58;0.04;4366.58;4404.08;0.00;;36;3.90;60.6;BUY OCO
2026.08.12 02:00:21;1786445830;hedge;open;118826988;4377.79;0.05;4380.79;0.00;0.00;;36;3.90;60.6;HedgePend SELL_STOP
2026.08.12 02:03:51;1786445830;main;close;118826913;4384.61;0.04;4384.61;4404.08;12.12;broker_side_close(sl_or_tp_hit);36;4.06;65.7;[sl]
2026.08.12 02:09:33;1786445831;main;open;118830159;4387.43;0.04;4372.43;4409.93;0.00;;36;4.30;68.8;BUY OCO
2026.08.12 02:09:34;1786445831;hedge;open;118830327;4384.06;0.05;4387.06;0.00;0.00;;36;4.30;68.7;HedgePend SELL_STOP
2026.08.12 02:12:08;1786445831;main;close;118830159;4389.76;0.04;4389.76;4409.93;9.32;broker_side_close(sl_or_tp_hit);36;4.19;71.6;[sl]
2026.08.12 02:37:32;1786445832;main;open;118838273;4389.08;0.03;4404.08;4366.58;0.00;;36;4.14;64.7;SELL OCO
2026.08.12 02:38:39;1786445832;main;close;118838273;4386.50;0.03;4386.67;4366.58;7.74;tiered_profit_trail;36;4.14;60.1;
2026.08.12 02:43:55;1786445833;main;open;118840018;4391.79;0.04;4376.79;4414.29;0.00;;36;4.24;68.5;BUY OCO
2026.08.12 02:43:55;1786445833;hedge;open;118840130;4389.10;0.05;4392.10;0.00;0.00;;36;4.24;68.4;HedgePend SELL_STOP
2026.08.12 02:48:54;1786445833;main;close;118840018;4395.49;0.04;4395.49;4414.29;14.80;broker_side_close(sl_or_tp_hit);36;4.47;72.0;[sl]
2026.08.12 03:40:05;1786445834;main;open;118853796;4400.54;0.04;4388.54;4423.04;0.00;;36;3.82;69.2;BUY OCO
2026.08.12 03:40:05;1786445834;hedge;open;118854140;4397.41;0.05;4400.41;0.00;0.00;;36;3.85;69.9;HedgePend SELL_STOP
2026.08.12 03:41:32;1786445834;main;close;118853796;4402.85;0.04;4402.85;4423.04;9.24;broker_side_close(sl_or_tp_hit);33;4.03;72.0;[sl]
2026.08.12 04:17:15;1786445835;main;open;118864764;4407.51;0.03;4422.51;4385.01;0.00;;36;4.73;61.7;SELL OCO
2026.08.12 04:17:15;1786445835;hedge;open;118865007;4410.74;0.05;4407.74;0.00;0.00;;36;4.73;61.7;HedgePend BUY_STOP
2026.08.12 04:23:05;1786445835;main;close;118864764;4405.31;0.03;4405.53;4385.01;6.60;tiered_profit_trail;33;4.46;57.3;
2026.08.12 04:30:29;1786445836;main;open;118867404;4406.96;0.03;4418.96;4384.46;0.00;;36;4.30;59.9;SELL OCO
2026.08.12 04:30:29;1786445836;hedge;open;118867982;4410.08;0.05;4407.08;0.00;0.00;;33;4.30;60.0;HedgePend BUY_STOP
2026.08.12 04:41:11;1786445836;main;close;118867404;4404.48;0.03;4404.48;4384.46;7.44;broker_side_close(sl_or_tp_hit);37;4.15;54.8;[sl]
2026.08.12 05:20:41;1786445837;main;open;118876244;4397.33;0.04;4385.33;4419.83;0.00;;36;2.63;42.5;BUY OCO
2026.08.12 05:20:42;1786445837;hedge;open;118877307;4394.09;0.05;4397.09;0.00;0.00;;36;2.63;42.5;HedgePend SELL_STOP
2026.08.12 05:35:02;1786445837;main;close;118876244;4398.84;0.04;4398.84;4419.83;6.04;broker_side_close(sl_or_tp_hit);36;2.35;46.2;[sl]
2026.08.12 05:54:06;1786445838;main;open;118884038;4400.00;0.03;4415.00;4377.50;0.00;;36;2.45;49.3;SELL OCO
2026.08.12 05:54:06;1786445838;hedge;open;118884615;4403.43;0.05;4400.43;0.00;0.00;;36;2.45;49.3;HedgePend BUY_STOP
2026.08.12 06:08:19;1786445838;hedge;close;118884615;4403.33;0.05;4400.43;0.00;-0.50;hedge_reversal_giveback_cap;36;2.50;57.0;EA_Breakout_OCO_V7_1 HedgePend
2026.08.12 06:11:20;1786445838;main;close;118884038;4405.02;0.03;4415.00;4377.50;-15.06;time_loss_exit;36;2.53;59.6;
2026.08.12 06:18:32;1786445839;main;open;118890086;4397.12;0.03;4412.12;4374.62;0.00;;36;2.75;43.3;SELL OCO
2026.08.12 06:18:32;1786445839;hedge;open;118890479;4400.62;0.05;4397.62;0.00;0.00;;36;2.75;43.1;HedgePend BUY_STOP
2026.08.12 06:22:40;1786445839;main;close;118890086;4395.04;0.03;4395.32;4374.62;6.24;tiered_profit_trail;36;2.86;38.9;
2026.08.12 06:29:02;1786445840;main;open;118893900;4393.30;0.03;4408.30;4370.80;0.00;;37;3.01;37.2;SELL OCO
2026.08.12 06:29:02;1786445840;hedge;open;118894472;4396.81;0.05;4393.81;0.00;0.00;;36;3.01;37.4;HedgePend BUY_STOP
2026.08.12 06:30:06;1786445840;main;close;118893900;4390.99;0.03;4390.99;4370.80;6.93;failsafe_reconcile;33;3.14;33.4;[sl]
2026.08.12 06:35:22;1786445841;main;open;118897290;4392.84;0.04;4380.84;4415.34;0.00;;36;3.45;36.1;BUY OCO
2026.08.12 06:35:23;1786445841;hedge;open;118897407;4389.55;0.05;4392.55;0.00;0.00;;36;3.45;36.2;HedgePend SELL_STOP
2026.08.12 06:36:32;1786445841;main;close;118897290;4394.48;0.04;4394.48;4415.34;6.56;broker_side_close(sl_or_tp_hit);36;3.63;40.8;[sl]
2026.08.12 06:41:50;1786445842;main;open;118898987;4390.83;0.03;4405.83;4368.33;0.00;;36;3.71;34.7;SELL OCO
2026.08.12 06:41:51;1786445842;hedge;open;118899083;4394.30;0.05;4391.30;0.00;0.00;;36;3.71;34.7;HedgePend BUY_STOP
2026.08.12 06:45:07;1786445842;main;close;118898987;4388.38;0.03;4388.41;4368.33;7.35;tiered_profit_trail;33;3.84;30.8;
2026.08.12 07:00:54;1786445843;main;open;118904823;4392.54;0.03;4380.54;4415.04;0.00;;36;4.31;44.5;BUY OCO
2026.08.12 07:00:55;1786445843;hedge;open;118905018;4389.70;0.05;4392.70;0.00;0.00;;33;4.31;44.0;HedgePend SELL_STOP
2026.08.12 07:02:17;1786445843;hedge;close;118905018;4389.91;0.05;4392.70;0.00;-1.05;hedge_reversal_giveback_cap;36;4.41;39.5;EA_Breakout_OCO_V7_1 HedgePend
2026.08.12 07:07:53;1786445843;main;close;118904823;4385.69;0.03;4380.54;4415.04;-20.55;soft_sl_momentum;36;4.62;34.6;
2026.08.12 07:14:52;1786445844;main;open;118908017;4388.38;0.03;4376.38;4410.88;0.00;;33;4.73;38.4;BUY OCO
2026.08.12 07:14:52;1786445844;hedge;open;118908418;4384.73;0.05;4387.73;0.00;0.00;;36;4.73;38.1;HedgePend SELL_STOP
2026.08.12 07:37:10;1786445844;main;close;118908017;4391.11;0.03;4391.11;4410.88;8.19;broker_side_close(sl_or_tp_hit);36;4.33;46.1;[sl]
2026.08.12 07:44:39;1786445845;main;open;118915257;4395.00;0.04;4407.00;4372.50;0.00;;33;4.29;53.0;SELL OCO
2026.08.12 07:49:13;1786445845;main;close;118915257;4400.09;0.04;4407.00;4372.50;-20.36;soft_sl_momentum;36;4.37;61.3;
2026.08.12 07:55:37;1786445846;main;open;118919015;4403.05;0.03;4391.05;4425.55;0.00;;36;4.12;66.2;BUY OCO
2026.08.12 07:55:37;1786445846;hedge;open;118919360;4400.56;0.05;4403.56;0.00;0.00;;36;4.12;66.2;HedgePend SELL_STOP
2026.08.12 07:56:49;1786445846;main;close;118919015;4405.70;0.03;4405.65;4425.55;7.95;tiered_profit_trail;36;4.31;68.5;
2026.08.12 08:20:30;1786445847;main;open;118925377;4398.45;0.03;4413.45;4375.95;0.00;;36;3.79;53.7;SELL OCO
2026.08.12 08:20:30;1786445847;hedge;open;118926181;4401.64;0.05;4398.64;0.00;0.00;;36;3.79;53.7;HedgePend BUY_STOP
2026.08.12 08:27:50;1786445847;hedge;close;118926181;4402.07;0.05;4401.86;0.00;2.15;hedge_reversal_giveback_cap;36;3.76;60.5;EA_Breakout_OCO_V7_1 HedgePend
2026.08.12 08:32:42;1786445847;main;close;118925377;4403.45;0.03;4413.45;4375.95;-15.00;time_loss_exit;36;3.72;62.0;
2026.08.12 08:39:08;1786445848;main;open;118929706;4406.55;0.04;4394.55;4429.05;0.00;;36;3.96;67.8;BUY OCO
2026.08.12 08:39:08;1786445848;hedge;open;118930048;4404.33;0.05;4407.33;0.00;0.00;;33;3.96;67.6;HedgePend SELL_STOP
2026.08.12 08:49:35;1786445848;main;close;118929706;4409.08;0.04;4409.08;4429.05;10.12;broker_side_close(sl_or_tp_hit);36;3.82;69.7;[sl]
2026.08.12 08:55:20;1786445849;main;open;118933353;4407.39;0.03;4422.39;4384.89;0.00;;33;3.38;65.4;SELL OCO
2026.08.12 08:55:20;1786445849;hedge;open;118933476;4410.64;0.05;4407.64;0.00;0.00;;34;3.38;65.4;HedgePend BUY_STOP
2026.08.12 09:07:36;1786445849;hedge;close;118933476;4408.60;0.05;4407.64;0.00;-10.20;hedge_max_loss;36;3.41;65.8;EA_Breakout_OCO_V7_1 HedgePend
2026.08.12 09:48:18;1786445849;main;close;118933353;4403.58;0.03;4403.58;4384.89;11.43;broker_side_close(sl_or_tp_hit);36;2.76;48.9;[sl]
2026.08.12 09:57:22;1786445850;main;open;118945566;4402.21;0.03;4417.21;4379.71;0.00;;36;2.54;45.9;SELL OCO
2026.08.12 09:57:22;1786445850;hedge;open;118946309;4405.49;0.05;4402.49;0.00;0.00;;36;2.54;46.2;HedgePend BUY_STOP
2026.08.12 10:03:59;1786445850;hedge;close;118946309;4407.22;0.05;4406.95;0.00;8.65;hedge_reversal_giveback_cap;36;2.83;57.8;EA_Breakout_OCO_V7_1 HedgePend
2026.08.12 10:07:22;1786445850;main;close;118945566;4407.78;0.03;4417.21;4379.71;-16.71;time_loss_exit;36;2.66;58.1;
2026.08.12 10:20:31;1786445851;main;open;118951493;4414.25;0.03;4426.25;4391.75;0.00;;36;2.91;66.9;SELL OCO
2026.08.12 10:20:32;1786445851;hedge;open;118952172;4417.62;0.05;4414.62;0.00;0.00;;36;2.91;67.7;HedgePend BUY_STOP
2026.08.12 10:23:03;1786445851;hedge;close;118952172;4417.86;0.05;4417.61;0.00;1.20;hedge_reversal_giveback_cap;36;3.14;72.9;EA_Breakout_OCO_V7_1 HedgePend
2026.08.12 10:23:41;1786445851;main;close;118951493;4420.97;0.03;4426.25;4391.75;-20.16;soft_sl_momentum;33;3.33;75.3;
2026.08.12 10:35:16;1786445852;main;open;118956499;4412.72;0.03;4427.72;4390.22;0.00;;36;4.21;56.6;SELL OCO
2026.08.12 10:35:16;1786445852;hedge;open;118956852;4416.08;0.05;4413.08;0.00;0.00;;36;4.21;56.5;HedgePend BUY_STOP
2026.08.12 10:40:11;1786445852;hedge;close;118956852;4416.06;0.05;4413.08;0.00;-0.10;hedge_reversal_giveback_cap;36;4.21;60.9;EA_Breakout_OCO_V7_1 HedgePend
2026.08.12 11:09:15;1786445852;main;close;118956499;4417.82;0.03;4427.72;4390.22;-15.30;time_loss_exit;33;4.89;61.1;
2026.08.12 11:26:41;1786445853;main;open;118967915;4420.23;0.04;4408.23;4442.73;0.00;;36;4.18;63.5;BUY OCO
2026.08.12 11:26:41;1786445853;hedge;open;118968388;4416.89;0.05;4419.89;0.00;0.00;;36;4.18;63.4;HedgePend SELL_STOP
